{
    "myProfile": {
        "statusMessage": "",
        "pictureStatus": "0hDetBspLkG0pJOzIzhqFkHXV-FSc-FR0CMV9dLzk9TX5kAggbcVwHKm1oF38zD15PdFtcLWozESg3",
        "coverId": "c0000000000000000000000000000001",
        "displayName": "Yepz"
    },
    "changeGroupPicture": [],
    "defaultReplyReader": "Sini kak @! temanin dedek \ud83d\ude25",
    "checkContact": false,
    "author_lineid": "You can add the author by line id, https://line.me/ti/p/~myyepz",
    "checkSticker": false,
    "autoRespondMention": {
        "status": true,
        "message": "Kenapa kak? @! Mau Tf kah? \ud83d\ude33"
    },
    "setKey": {
        "key": "",
        "status": false
    },
    "changePictureProfile": false,
    "changevp": false,
    "changeCoverProfile": false,
    "restartPoint": "u65129423a63f75ecae3ea189f9540054",
    "checkPost": true,
    "autoJoin": {
        "status": true,
        "ticket": false,
        "message": "ty for invite @!",
        "reply": true
    },
    "changeCoverPicture": false,
    "autoRespond": {
        "status": false,
        "message": "https://line.me/ti/p/~myyepz"
    },
    "greet": {
        "join": {
            "status": true,
            "message": "Selamat Datang Kak @! \ud83d\ude0d"
        },
        "leave": {
            "status": true,
            "message": "Bye bye @!"
        }
    },
    "autoRead": false,
    "copyright": "If you respect the author please don't remove this copyright\n\u00a9 2018 Hello World",
    "mimic": {
        "target": {
            "u3f844cd72c18c54434a1b4f2cd1550d6": false
        },
        "status": false
    },
    "autoAdd": {
        "status": false,
        "message": "cie nge add :v , minat order selfbot / bot protect add mybos https://line.me/ti/p/~myyepz",
        "reply": true
    }
}